{
    "ai-classification": [
        0.0516,
        0.0802,
        0.0796,
        0.0513,
        0.0388,
        0.0284,
        0.0532,
        0.0569,
        0.0372,
        0.0569,
        0.0274,
        0.0742,
        0.0983,
        0.0655,
        0.0531,
        0.0749,
        0.0626,
        0.0621,
        0.0325,
        0.0646,
        0.0716,
        0.0802,
        0.064,
        0.0256,
        0.0887,
        0.0547,
        0.0802,
        0.0631
    ],
    "ai-denoising": [
        0.00297,
        0.00205,
        0.00215,
        0.00147,
        0.00127,
        0.00114,
        0.00109,
        0.00197,
        0.00162,
        0.00177,
        0.000829,
        0.00187,
        0.00245,
        0.00305,
        0.0029,
        0.00286,
        0.00269,
        0.00252,
        0.000224,
        0.00215,
        0.00248,
        0.00252,
        0.00129,
        0.000212,
        0.00127,
        0.00217,
        0.00257,
        0.00269
    ],
    "ai-service": [
        0.0109,
        0.023,
        0.0148,
        0.00922,
        0.0184,
        0.0161,
        0.0118,
        0.0143,
        0.00623,
        0.00785,
        0.13,
        0.0226,
        0.0154,
        0.0121,
        0.0411,
        0.0319,
        0.0151,
        0.0109,
        0.126,
        0.0203,
        0.0281,
        0.014,
        0.0151,
        0.169,
        0.0369,
        0.0196,
        0.0163,
        0.00955
    ],
    "api-gateway": [
        0.00489,
        0.00955,
        0.00218,
        0.00209,
        0.00288,
        0.00252,
        0.00218,
        0.00494,
        0.00341,
        0.00332,
        0.00248,
        0.00452,
        0.00529,
        0.00244,
        0.00244,
        0.0041,
        0.00428,
        0.00326,
        0.00214,
        0.00815,
        0.00256,
        0.00191,
        0.00175,
        0.00252,
        0.00369,
        0.00371,
        0.00402,
        0.00308
    ],
    "config-server": [
        0.00206,
        0.00692,
        0.00208,
        0.00288,
        0.00224,
        0.00295,
        0.00384,
        0.00247,
        0.00252,
        0.00255,
        0.00241,
        0.00218,
        0.00356,
        0.00257,
        0.00348,
        0.00324,
        0.00323,
        0.00267,
        0.00702,
        0.0034,
        0.00425,
        0.00333,
        0.00594,
        0.00359,
        0.00279,
        0.00303,
        0.0028,
        0.00268
    ],
    "eureka-server": [
        0.00948,
        0.00942,
        0.00951,
        0.00923,
        0.00924,
        0.00938,
        0.0093,
        0.00934,
        0.00964,
        0.00941,
        0.00935,
        0.0122,
        0.0103,
        0.00918,
        0.024,
        0.0101,
        0.00937,
        0.00959,
        0.00909,
        0.0157,
        0.00945,
        0.00942,
        0.0095,
        0.0107,
        0.00924,
        0.00903,
        0.0104,
        0.00948
    ],
    "mongodb": [
        0.106,
        0.117,
        0.0837,
        0.103,
        0.109,
        0.103,
        0.0838,
        0.0996,
        0.0918,
        0.0735,
        0.108,
        0.107,
        0.106,
        0.0771,
        0.108,
        0.101,
        0.122,
        0.118,
        0.107,
        0.157,
        0.132,
        0.101,
        0.13,
        0.116,
        0.0845,
        0.108,
        0.0925,
        0.0868
    ],
    "postgresql": [
        0.0107,
        0.0094,
        0.00902,
        0.00658,
        0.0082,
        0.0097,
        0.00884,
        0.00914,
        0.00699,
        0.0108,
        0.0108,
        0.00721,
        0.00686,
        0.00812,
        0.00945,
        0.0079,
        0.00954,
        0.0104,
        0.00847,
        0.00801,
        0.00984,
        0.00624,
        0.00944,
        0.00835,
        0.00811,
        0.00823,
        0.0087,
        0.0108
    ],
    "qdrant": [
        0.00249,
        0.00247,
        0.00242,
        0.0023,
        0.00233,
        0.00235,
        0.00239,
        0.00243,
        0.0024,
        0.00241,
        0.0023,
        0.00245,
        0.0024,
        0.00247,
        0.00245,
        0.00241,
        0.0024,
        0.00239,
        0.0024,
        0.0024,
        0.00245,
        0.00241,
        0.00237,
        0.00226,
        0.00236,
        0.00233,
        0.00245,
        0.00244
    ],
    "user-service": [
        0.00135,
        0.00188,
        0.00126,
        0.00129,
        0.00147,
        0.00122,
        0.00248,
        0.00143,
        0.00125,
        0.00142,
        0.00156,
        0.00158,
        0.00131,
        0.00199,
        0.00155,
        0.00163,
        0.00144,
        0.0015,
        0.00154,
        0.0016,
        0.00153,
        0.00153,
        0.002,
        0.00154,
        0.00162,
        0.00159,
        0.00178,
        0.00162
    ]
}